<?xml version="1.0" encoding="UTF-8"?>
<project-private xmlns="http://www.netbeans.org/ns/project-private/1">
    <editor-bookmarks xmlns="http://www.netbeans.org/ns/editor-bookmarks/2" lastBookmarkId="0"/>
    <open-files xmlns="http://www.netbeans.org/ns/projectui-open-files/2">
        <group>
            <file>file:/Users/david/NetBeansProjects/TAMAGOCHI-master/src/Mas.java</file>
            <file>file:/Users/david/NetBeansProjects/TAMAGOCHI-master/src/Hilo.java</file>
            <file>file:/Users/david/NetBeansProjects/TAMAGOCHI-master/src/NewJFrame3.java</file>
            <file>file:/Users/david/NetBeansProjects/TAMAGOCHI-master/src/Lienzo.java</file>
            <file>file:/Users/david/NetBeansProjects/TAMAGOCHI-master/src/Mascota.java</file>
        </group>
    </open-files>
</project-private>
